m,e,i, ,F,r,a,m,e, ,N,o,=,1

m,e,i, ,F,r,a,m,e, ,N,o,=,2

m,e,i, ,F,r,a,m,e, ,N,o,=,3
"[0, 0, 0, 0, 0, 0, 0, 0.24, 0.24, 0.0, 0.0, 0.0, 0.0, 0]"
m,e,i, ,F,r,a,m,e, ,N,o,=,4
"[1.028, 0, 0, 0, 0, 0, 0, 0.357, 0.357, 0.808, 0.808, 0.0, 0.0, 0]"
m,e,i, ,F,r,a,m,e, ,N,o,=,5
"[1.323, 0.0, 0, 0.0, 0.0, 0, 2.5, 0.357, 0.0, 0.0, 0.808, 0.0, 0.0, 0]"
m,e,i, ,F,r,a,m,e, ,N,o,=,6
"[1.083, 2.212, 0, 0.147, 0.0, 0.5, 2.812, 0.517, 0.517, 0.804, 0.808, 0.0, 0.0, 0]"
m,e,i, ,F,r,a,m,e, ,N,o,=,7
"[0.835, 0.275, 2.212, 0.128, 1.043, 0.127, 3.0, 0.517, 0.0, 0.0, 0.808, 0.0, 0.0, 0]"
m,e,i, ,F,r,a,m,e, ,N,o,=,8
"[0.835, 0.275, 2.212, 0.128, 1.043, 0.127, 3.0, 0.517, 0.0, 0.0, 0.808, 0.0, 0.0, 0]"
m,e,i, ,F,r,a,m,e, ,N,o,=,9
"[1.466, -0.579, 2.212, 0.181, 0.839, 0.022, 4.375, 0.517, 0.0, 0.0, 0.808, 0.0, 0.0, 0]"
m,e,i, ,F,r,a,m,e, ,N,o,=,1,0
"[0.883, 1.095, 2.7910000000000004, 0.234, 0.874, 0.14, 3.75, 0.517, 0.0, 0.0, 0.808, 0.0, 0.0, 0]"
m,e,i, ,F,r,a,m,e, ,N,o,=,1,1
"[0.852, -0.311, 2.7910000000000004, 0.229, 0.849, 0.025, 4.688, 0.517, 0.062, 0.029, 0.808, 0.0, 0.0, 0]"
m,e,i, ,F,r,a,m,e, ,N,o,=,1,2
"[1.011, -0.33, 2.7910000000000004, 0.226, 0.835, 0.002, 4.167, 0.517, 0.05, 0.0, 0.808, 0.0, 0.0, 0]"
m,e,i, ,F,r,a,m,e, ,N,o,=,1,3
"[0.893, -0.028, 2.7910000000000004, 0.213, 0.817, 0.002, 4.125, 0.517, 0.0, 0.149, 0.808, 0.0, 0.0, 0]"
m,e,i, ,F,r,a,m,e, ,N,o,=,1,4
"[0.794, -0.203, 2.7910000000000004, 0.206, 0.781, 0.001, 3.409, 0.734, 0.734, 0.16, 0.808, 0.0, 0.0, 0]"
m,e,i, ,F,r,a,m,e, ,N,o,=,1,5
"[1.043, -0.319, 2.7910000000000004, 0.207, 0.757, 0.0, 3.125, 0.734, 0.553, 0.338, 0.804, 0.0, 0.0, 0]"
m,e,i, ,F,r,a,m,e, ,N,o,=,1,6
"[0.923, 0.019, 2.7910000000000004, 0.199, 0.74, 0.003, 2.885, 0.734, 0.671, 0.288, 0.804, 0.333, 0.089, 3.003]"
m,e,i, ,F,r,a,m,e, ,N,o,=,1,7
"[0.965, -0.131, 2.7910000000000004, 0.192, 0.712, 0.006, 3.214, 0.753, 0.753, 0.293, 0.338, 0.333, 0.117, 3.003]"
m,e,i, ,F,r,a,m,e, ,N,o,=,1,8
"[0.895, -0.448, 2.7910000000000004, 0.186, 0.69, 0.011, 3.0, 0.753, 0.535, 0.259, 0.338, 0.333, 0.133, 3.003]"
m,e,i, ,F,r,a,m,e, ,N,o,=,1,9
"[0.781, -0.235, 2.7910000000000004, 0.181, 0.683, 0.012, 2.812, 0.753, 0.502, 0.0, 0.338, 0.333, 0.144, 3.003]"
m,e,i, ,F,r,a,m,e, ,N,o,=,2,0
"[0.826, -0.067, 2.7910000000000004, 0.182, 0.666, 0.007, 2.647, 0.753, 0.568, 0.455, 0.455, 0.333, 0.152, 3.003]"
m,e,i, ,F,r,a,m,e, ,N,o,=,2,1
"[0.716, -0.011, 2.7910000000000004, 0.18, 0.647, 0.006, 2.917, 0.753, 0.53, 0.732, 0.732, 0.333, 0.157, 3.003]"
m,e,i, ,F,r,a,m,e, ,N,o,=,2,2
"[0.775, -0.938, 2.7910000000000004, 0.184, 0.629, 0.002, 2.763, 0.753, 0.581, 0.0, 0.732, 0.4, 0.166, 2.5]"
m,e,i, ,F,r,a,m,e, ,N,o,=,2,3
"[0.847, -0.135, 3.1500000000000004, 0.184, 0.652, 0.059, 2.625, 0.753, 0.414, 0.529, 0.732, 0.4, 0.172, 2.5]"
m,e,i, ,F,r,a,m,e, ,N,o,=,2,4
"[1.024, -0.006, 3.1500000000000004, 0.18, 0.637, 0.08, 2.5, 0.753, 0.386, 0.097, 0.732, 0.4, 0.177, 2.5]"
m,e,i, ,F,r,a,m,e, ,N,o,=,2,5
"[0.793, 0.016, 3.1500000000000004, 0.177, 0.621, 0.127, 2.727, 0.753, 0.314, 0.033, 0.732, 0.4, 0.181, 2.5]"
m,e,i, ,F,r,a,m,e, ,N,o,=,2,6
"[0.932, -0.125, 3.1500000000000004, 0.176, 0.607, 0.158, 2.609, 0.753, 0.209, 0.323, 0.732, 0.267, 0.178, 3.745]"
m,e,i, ,F,r,a,m,e, ,N,o,=,2,7
"[0.912, 0.173, 3.1500000000000004, 0.172, 0.594, 0.202, 0.469, 0.581, 0.112, 0.342, 0.732, 0.267, 0.175, 3.745]"
m,e,i, ,F,r,a,m,e, ,N,o,=,2,8
"[1.017, -0.164, 3.1500000000000004, 0.168, 0.583, 0.238, 0.45, 0.581, 0.0, 0.274, 0.732, 0.267, 0.173, 3.745]"
m,e,i, ,F,r,a,m,e, ,N,o,=,2,9
"[0.961, 0.117, 3.1500000000000004, 0.166, 0.572, 0.283, 0.75, 0.581, 0.0, 0.147, 0.732, 0.267, 0.17, 3.745]"
m,e,i, ,F,r,a,m,e, ,N,o,=,3,0
"[0.877, -0.005, 3.1500000000000004, 0.165, 0.572, 0.344, 0.75, 0.614, 0.614, 0.304, 0.732, 0.267, 0.168, 3.745]"
m,e,i, ,F,r,a,m,e, ,N,o,=,3,1
"[0.813, -0.023, 3.1500000000000004, 0.145, 0.572, 0.294, 0.75, 0.614, 0.338, 0.0, 0.529, 0.267, 0.166, 3.745]"
m,e,i, ,F,r,a,m,e, ,N,o,=,3,2
"[0.784, 0.04, 2.033, 0.142, 0.353, 0.246, 0.75, 0.614, 0.0, 0.724, 0.724, 0.4, 0.167, 2.5]"
m,e,i, ,F,r,a,m,e, ,N,o,=,3,3
"[0.671, -0.052, 2.033, 0.143, 0.347, 0.233, 2.25, 0.614, 0.0, 0.0, 0.724, 0.4, 0.169, 2.5]"
m,e,i, ,F,r,a,m,e, ,N,o,=,3,4
"[0.685, -0.056, 2.033, 0.15, 0.339, 0.184, 2.55, 0.614, 0.0, 0.08, 0.724, 0.4, 0.17, 2.5]"
m,e,i, ,F,r,a,m,e, ,N,o,=,3,5
"[0.591, -0.112, 2.033, 0.102, 0.325, 0.053, 3.0, 0.614, 0.0, 0.0, 0.724, 0.4, 0.17, 2.5]"
m,e,i, ,F,r,a,m,e, ,N,o,=,3,6
"[0.687, -0.32, 1.111, 0.116, 0.218, 0.072, 3.0, 0.614, 0.0, 0.112, 0.724, 0.267, 0.168, 3.745]"
m,e,i, ,F,r,a,m,e, ,N,o,=,3,7
"[0.438, -0.421, 1.111, 0.12, 0.218, 0.119, 2.85, 0.614, 0.0, 0.0, 0.724, 0.267, 0.166, 3.745]"
m,e,i, ,F,r,a,m,e, ,N,o,=,3,8
"[0.575, -0.444, 1.111, 0.14, 0.222, 0.284, 2.85, 0.614, 0.0, 0.015, 0.724, 0.267, 0.164, 3.745]"
m,e,i, ,F,r,a,m,e, ,N,o,=,3,9
"[0.612, -0.446, 1.111, 0.148, 0.229, 0.392, 1.65, 0.614, 0.0, 0.0, 0.724, 0.267, 0.161, 3.745]"
m,e,i, ,F,r,a,m,e, ,N,o,=,4,0
"[0.486, -0.375, 1.111, 0.153, 0.236, 0.456, 1.65, 0.338, 0.326, 0.149, 0.724, 0.267, 0.159, 3.745]"
m,e,i, ,F,r,a,m,e, ,N,o,=,4,1
"[0.753, -0.664, 1.111, 0.157, 0.238, 0.562, 1.35, 0.745, 0.745, 0.192, 0.724, 0.267, 0.158, 3.745]"
m,e,i, ,F,r,a,m,e, ,N,o,=,4,2
"[0.604, -0.26, 1.111, 0.155, 0.253, 0.589, 1.8, 0.745, 0.38, 0.196, 0.196, 0.267, 0.156, 3.745]"
m,e,i, ,F,r,a,m,e, ,N,o,=,4,3
"[0.625, -0.341, 1.111, 0.153, 0.253, 0.621, 1.8, 0.745, 0.346, 0.0, 0.196, 0.267, 0.154, 3.745]"
m,e,i, ,F,r,a,m,e, ,N,o,=,4,4
"[0.933, -0.235, 1.111, 0.153, 0.25, 0.63, 1.8, 0.745, 0.393, 0.07, 0.196, 0.267, 0.152, 3.745]"
m,e,i, ,F,r,a,m,e, ,N,o,=,4,5
"[0.808, 0.186, 1.111, 0.157, 0.25, 0.624, 1.8, 0.885, 0.885, 0.0, 0.196, 0.267, 0.15, 3.745]"
m,e,i, ,F,r,a,m,e, ,N,o,=,4,6
"[0.67, 0.171, 1.1239999999999999, 0.157, 0.26, 0.628, 1.8, 0.885, 0.0, 0.481, 0.481, 0.267, 0.149, 3.745]"
m,e,i, ,F,r,a,m,e, ,N,o,=,4,7
"[0.761, -0.019, 1.1239999999999999, 0.157, 0.267, 0.629, 1.8, 0.885, 0.0, 0.42, 0.481, 0.267, 0.147, 3.745]"
m,e,i, ,F,r,a,m,e, ,N,o,=,4,8
"[0.876, 0.213, 0.8500000000000001, 0.157, 0.219, 0.629, 1.8, 0.885, 0.0, 0.236, 0.481, 0.267, 0.146, 3.745]"
m,e,i, ,F,r,a,m,e, ,N,o,=,4,9
"[0.943, 0.236, 0.877, 0.158, 0.229, 0.629, 1.8, 0.885, 0.184, 0.891, 0.891, 0.267, 0.144, 3.745]"
m,e,i, ,F,r,a,m,e, ,N,o,=,5,0
"[0.732, 0.631, 0.9, 0.153, 0.239, 0.608, 1.8, 0.885, 0.292, 0.735, 0.891, 0.4, 0.145, 2.5]"
m,e,i, ,F,r,a,m,e, ,N,o,=,5,1
"[0.845, 0.196, 1.295, 0.153, 0.28, 0.581, 1.8, 0.885, 0.0, 0.42, 0.891, 0.4, 0.145, 2.5]"
m,e,i, ,F,r,a,m,e, ,N,o,=,5,2
"[0.77, 0.291, 1.295, 0.15, 0.285, 0.541, 1.8, 0.885, 0.0, 0.751, 0.891, 0.4, 0.146, 2.5]"
m,e,i, ,F,r,a,m,e, ,N,o,=,5,3
"[0.736, 0.355, 1.295, 0.146, 0.29, 0.486, 1.8, 0.885, 0.606, 0.405, 0.891, 0.4, 0.146, 2.5]"
m,e,i, ,F,r,a,m,e, ,N,o,=,5,4
"[0.836, -0.021, 1.295, 0.135, 0.301, 0.409, 2.1, 0.885, 0.469, 0.269, 0.891, 0.4, 0.146, 2.5]"
m,e,i, ,F,r,a,m,e, ,N,o,=,5,5
"[0.812, 0.29, 1.295, 0.128, 0.3, 0.362, 2.1, 0.606, 0.0, 0.0, 0.891, 0.4, 0.146, 2.5]"
m,e,i, ,F,r,a,m,e, ,N,o,=,5,6
"[0.78, 0.234, 1.295, 0.126, 0.307, 0.335, 3.0, 0.606, 0.0, 0.223, 0.891, 0.4, 0.146, 2.5]"
m,e,i, ,F,r,a,m,e, ,N,o,=,5,7
"[0.812, -0.191, 1.295, 0.125, 0.312, 0.327, 3.75, 0.606, 0.432, 0.263, 0.891, 0.467, 0.148, 2.141]"
m,e,i, ,F,r,a,m,e, ,N,o,=,5,8
"[0.772, 0.005, 1.295, 0.126, 0.313, 0.333, 3.75, 0.606, 0.404, 0.147, 0.891, 0.467, 0.149, 2.141]"
m,e,i, ,F,r,a,m,e, ,N,o,=,5,9
"[0.788, 0.127, 1.295, 0.126, 0.313, 0.339, 3.45, 0.606, 0.413, 0.037, 0.751, 0.467, 0.15, 2.141]"
m,e,i, ,F,r,a,m,e, ,N,o,=,6,0
"[0.75, 0.034, 1.295, 0.126, 0.315, 0.35, 3.45, 0.606, 0.282, 0.032, 0.751, 0.467, 0.151, 2.141]"
m,e,i, ,F,r,a,m,e, ,N,o,=,6,1
"[0.827, -0.158, 1.295, 0.123, 0.315, 0.351, 3.45, 0.606, 0.0, 0.0, 0.751, 0.467, 0.152, 2.141]"
m,e,i, ,F,r,a,m,e, ,N,o,=,6,2
"[0.658, -0.145, 1.295, 0.124, 0.31, 0.354, 1.95, 0.606, 0.195, 0.0, 0.405, 0.467, 0.153, 2.141]"
m,e,i, ,F,r,a,m,e, ,N,o,=,6,3
"[0.649, -0.092, 1.295, 0.109, 0.301, 0.329, 3.45, 0.469, 0.132, 0.15, 0.269, 0.467, 0.154, 2.141]"
m,e,i, ,F,r,a,m,e, ,N,o,=,6,4
"[0.86, -0.245, 1.295, 0.105, 0.288, 0.344, 3.45, 0.432, 0.07, 0.132, 0.263, 0.467, 0.155, 2.141]"
m,e,i, ,F,r,a,m,e, ,N,o,=,6,5
"[0.619, 0.112, 1.295, 0.103, 0.278, 0.283, 3.45, 0.432, 0.104, 0.07, 0.263, 0.533, 0.157, 1.876]"
m,e,i, ,F,r,a,m,e, ,N,o,=,6,6
"[0.875, -0.146, 1.295, 0.091, 0.268, 0.25, 4.65, 0.432, 0.183, 0.076, 0.263, 0.533, 0.158, 1.876]"
m,e,i, ,F,r,a,m,e, ,N,o,=,6,7
"[0.822, 0.049, 0.972, 0.093, 0.231, 0.207, 4.65, 0.413, 0.234, 0.078, 0.15, 0.533, 0.16, 1.876]"
m,e,i, ,F,r,a,m,e, ,N,o,=,6,8
"[0.6, 0.012, 0.972, 0.087, 0.222, 0.135, 4.65, 0.413, 0.252, 0.578, 0.578, 0.533, 0.162, 1.876]"
m,e,i, ,F,r,a,m,e, ,N,o,=,6,9
"[0.741, -0.225, 0.876, 0.089, 0.207, 0.138, 4.65, 0.282, 0.237, 0.068, 0.578, 0.533, 0.163, 1.876]"
m,e,i, ,F,r,a,m,e, ,N,o,=,7,0
"[0.849, -0.089, 0.876, 0.083, 0.206, 0.136, 3.3, 0.252, 0.221, 0.0, 0.578, 0.333, 0.162, 3.003]"
m,e,i, ,F,r,a,m,e, ,N,o,=,7,1
"[0.75, 0.096, 0.876, 0.085, 0.207, 0.108, 3.3, 0.252, 0.0, 0.0, 0.578, 0.333, 0.161, 3.003]"
m,e,i, ,F,r,a,m,e, ,N,o,=,7,2
"[0.75, 0.096, 0.876, 0.085, 0.207, 0.108, 3.3, 0.252, 0.0, 0.0, 0.578, 0.333, 0.161, 3.003]"
m,e,i, ,F,r,a,m,e, ,N,o,=,7,3
"[0.724, 0.0, 0.876, 0.082, 0.206, 0.099, 3.3, 0.252, 0.087, 0.0, 0.578, 0.333, 0.16, 3.003]"
m,e,i, ,F,r,a,m,e, ,N,o,=,7,4
"[0.631, -0.129, 0.876, 0.08, 0.204, 0.068, 3.3, 0.252, 0.0, 0.158, 0.578, 0.333, 0.158, 3.003]"
m,e,i, ,F,r,a,m,e, ,N,o,=,7,5
"[0.508, -0.034, 0.876, 0.077, 0.204, 0.026, 3.3, 0.252, 0.204, 0.134, 0.578, 0.333, 0.157, 3.003]"
m,e,i, ,F,r,a,m,e, ,N,o,=,7,6
"[0.508, -0.176, 0.6, 0.091, 0.165, 0.009, 3.0, 0.252, 0.091, 0.094, 0.578, 0.333, 0.156, 3.003]"
m,e,i, ,F,r,a,m,e, ,N,o,=,7,7
"[0.592, -0.44, 0.6, 0.101, 0.165, 0.017, 3.0, 0.252, 0.105, 0.075, 0.578, 0.4, 0.156, 2.5]"
m,e,i, ,F,r,a,m,e, ,N,o,=,7,8
"[0.584, -0.034, 0.7949999999999999, 0.104, 0.176, 0.034, 1.8, 0.252, 0.123, 0.029, 0.578, 0.4, 0.155, 2.5]"
m,e,i, ,F,r,a,m,e, ,N,o,=,7,9
"[0.673, -0.364, 0.73, 0.108, 0.157, 0.062, 1.95, 0.594, 0.594, 0.245, 0.245, 0.4, 0.154, 2.5]"
m,e,i, ,F,r,a,m,e, ,N,o,=,8,0
"[0.787, -0.186, 0.73, 0.106, 0.169, 0.104, 1.95, 0.594, 0.145, 0.222, 0.245, 0.4, 0.154, 2.5]"
m,e,i, ,F,r,a,m,e, ,N,o,=,8,1
"[0.613, 0.234, 0.674, 0.105, 0.155, 0.132, 1.95, 0.594, 0.258, 0.246, 0.246, 0.267, 0.153, 3.745]"
m,e,i, ,F,r,a,m,e, ,N,o,=,8,2
"[0.816, -0.16, 0.674, 0.106, 0.155, 0.183, 1.95, 0.594, 0.345, 0.482, 0.482, 0.267, 0.152, 3.745]"
m,e,i, ,F,r,a,m,e, ,N,o,=,8,3
"[1.028, -0.041, 0.674, 0.107, 0.155, 0.216, 1.65, 0.594, 0.0, 0.0, 0.482, 0.267, 0.151, 3.745]"
m,e,i, ,F,r,a,m,e, ,N,o,=,8,4
"[0.763, 0.347, 0.674, 0.123, 0.154, 0.268, 1.05, 0.594, 0.0, 0.0, 0.482, 0.267, 0.15, 3.745]"
m,e,i, ,F,r,a,m,e, ,N,o,=,8,5
"[0.61, 0.016, 0.7869999999999999, 0.123, 0.171, 0.307, 1.05, 0.594, 0.0, 0.0, 0.482, 0.267, 0.149, 3.745]"
m,e,i, ,F,r,a,m,e, ,N,o,=,8,6
"[0.586, -0.142, 0.7869999999999999, 0.124, 0.17, 0.311, 1.05, 0.594, 0.0, 0.0, 0.482, 0.267, 0.148, 3.745]"
m,e,i, ,F,r,a,m,e, ,N,o,=,8,7
"[0.792, -0.056, 0.7869999999999999, 0.124, 0.17, 0.271, 1.05, 0.594, 0.0, 0.356, 0.482, 0.4, 0.148, 2.5]"
m,e,i, ,F,r,a,m,e, ,N,o,=,8,8
"[0.792, -0.056, 0.7869999999999999, 0.124, 0.17, 0.271, 1.05, 0.594, 0.0, 0.356, 0.482, 0.4, 0.148, 2.5]"
m,e,i, ,F,r,a,m,e, ,N,o,=,8,9
"[0.691, 0.355, 0.7869999999999999, 0.126, 0.169, 0.297, 1.05, 0.712, 0.712, 0.598, 0.598, 0.4, 0.147, 2.5]"
m,e,i, ,F,r,a,m,e, ,N,o,=,9,0
"[0.691, 0.355, 0.7869999999999999, 0.126, 0.169, 0.297, 1.05, 0.712, 0.712, 0.598, 0.598, 0.4, 0.147, 2.5]"
m,e,i, ,F,r,a,m,e, ,N,o,=,9,1
"[1.029, 0.134, 0.7949999999999999, 0.121, 0.197, 0.216, 1.05, 0.712, 0.684, 0.254, 0.598, 0.4, 0.147, 2.5]"
m,e,i, ,F,r,a,m,e, ,N,o,=,9,2
"[1.029, 0.134, 0.7949999999999999, 0.121, 0.197, 0.216, 1.05, 0.712, 0.684, 0.254, 0.598, 0.4, 0.147, 2.5]"
m,e,i, ,F,r,a,m,e, ,N,o,=,9,3
"[0.908, 0.302, 0.7949999999999999, 0.145, 0.2, 0.172, 1.05, 0.712, 0.321, 0.263, 0.598, 0.4, 0.146, 2.5]"
m,e,i, ,F,r,a,m,e, ,N,o,=,9,4
"[0.851, 0.369, 0.7949999999999999, 0.146, 0.209, 0.144, 1.05, 0.712, 0.312, 0.285, 0.598, 0.267, 0.145, 3.745]"
m,e,i, ,F,r,a,m,e, ,N,o,=,9,5
"[0.851, 0.369, 0.7949999999999999, 0.146, 0.209, 0.144, 1.05, 0.712, 0.312, 0.285, 0.598, 0.267, 0.145, 3.745]"
m,e,i, ,F,r,a,m,e, ,N,o,=,9,6
"[0.851, 0.369, 0.7949999999999999, 0.146, 0.209, 0.144, 1.05, 0.712, 0.312, 0.285, 0.598, 0.267, 0.145, 3.745]"
m,e,i, ,F,r,a,m,e, ,N,o,=,9,7
"[0.851, 0.369, 0.7949999999999999, 0.146, 0.209, 0.144, 1.05, 0.712, 0.312, 0.285, 0.598, 0.267, 0.145, 3.745]"
m,e,i, ,F,r,a,m,e, ,N,o,=,9,8
"[1.085, 0.301, 0.8089999999999999, 0.151, 0.242, 0.061, 1.05, 0.712, 0.0, 0.0, 0.598, 0.267, 0.145, 3.745]"
m,e,i, ,F,r,a,m,e, ,N,o,=,9,9
"[1.006, 0.624, 0.8089999999999999, 0.165, 0.247, 0.083, 0.75, 0.712, 0.0, 0.0, 0.598, 0.267, 0.144, 3.745]"
m,e,i, ,F,r,a,m,e, ,N,o,=,1,0,0
"[1.006, 0.624, 0.8089999999999999, 0.165, 0.247, 0.083, 0.75, 0.712, 0.0, 0.0, 0.598, 0.267, 0.144, 3.745]"
m,e,i, ,F,r,a,m,e, ,N,o,=,1,0,1
"[1.006, 0.624, 0.8089999999999999, 0.165, 0.247, 0.083, 0.75, 0.712, 0.0, 0.0, 0.598, 0.267, 0.144, 3.745]"
m,e,i, ,F,r,a,m,e, ,N,o,=,1,0,2
"[0.778, 0.394, 1.064, 0.158, 0.291, 0.194, 0.75, 0.712, 0.0, 0.0, 0.598, 0.267, 0.143, 3.745]"
m,e,i, ,F,r,a,m,e, ,N,o,=,1,0,3
"[0.928, 0.109, 0.988, 0.152, 0.267, 0.221, 0.75, 0.712, 0.0, 0.094, 0.598, 0.267, 0.142, 3.745]"
m,e,i, ,F,r,a,m,e, ,N,o,=,1,0,4
"[1.009, -0.126, 0.988, 0.144, 0.264, 0.24, 0.75, 0.712, 0.0, 0.0, 0.598, 0.267, 0.142, 3.745]"
m,e,i, ,F,r,a,m,e, ,N,o,=,1,0,5
"[0.883, -0.025, 0.81, 0.144, 0.247, 0.248, 0.9, 0.712, 0.187, 0.202, 0.598, 0.267, 0.141, 3.745]"
m,e,i, ,F,r,a,m,e, ,N,o,=,1,0,6
"[0.772, -0.031, 0.784, 0.143, 0.238, 0.261, 0.9, 0.684, 0.0, 0.247, 0.285, 0.267, 0.14, 3.745]"
m,e,i, ,F,r,a,m,e, ,N,o,=,1,0,7
"[0.953, -0.099, 0.784, 0.136, 0.243, 0.266, 0.9, 0.321, 0.0, 0.126, 0.285, 0.267, 0.14, 3.745]"
m,e,i, ,F,r,a,m,e, ,N,o,=,1,0,8
"[0.929, 0.127, 0.766, 0.136, 0.24, 0.266, 0.9, 0.312, 0.0, 0.0, 0.285, 0.267, 0.139, 3.745]"
m,e,i, ,F,r,a,m,e, ,N,o,=,1,0,9
"[0.923, 0.098, 0.766, 0.133, 0.235, 0.314, 0.9, 0.187, 0.0, 0.0, 0.247, 0.267, 0.138, 3.745]"
m,e,i, ,F,r,a,m,e, ,N,o,=,1,1,0
"[0.822, 0.09, 0.766, 0.132, 0.234, 0.299, 0.6, 0.187, 0.0, 0.12, 0.247, 0.267, 0.138, 3.745]"
m,e,i, ,F,r,a,m,e, ,N,o,=,1,1,1
"[0.676, -0.329, 0.766, 0.121, 0.232, 0.259, 0.6, 0.187, 0.0, 0.0, 0.247, 0.267, 0.137, 3.745]"
m,e,i, ,F,r,a,m,e, ,N,o,=,1,1,2
"[0.727, -0.412, 0.9530000000000001, 0.113, 0.246, 0.241, 0.6, 0.187, 0.0, 0.0, 0.247, 0.267, 0.136, 3.745]"
m,e,i, ,F,r,a,m,e, ,N,o,=,1,1,3
"[0.51, -0.349, 1.036, 0.116, 0.27, 0.259, 1.5, 0.187, 0.0, 0.133, 0.247, 0.267, 0.136, 3.745]"
m,e,i, ,F,r,a,m,e, ,N,o,=,1,1,4
"[0.439, -0.62, 1.036, 0.136, 0.286, 0.33, 1.5, 0.187, 0.0, 0.0, 0.247, 0.267, 0.135, 3.745]"
m,e,i, ,F,r,a,m,e, ,N,o,=,1,1,5
"[0.429, -0.424, 1.244, 0.157, 0.323, 0.39, 1.8, 0.322, 0.322, 0.0, 0.247, 0.0, 0.138, 0]"
m,e,i, ,F,r,a,m,e, ,N,o,=,1,1,6
"[0.516, -0.624, 1.244, 0.175, 0.338, 0.445, 1.8, 0.395, 0.395, 0.0, 0.133, 0.0, 0.14, 0]"
m,e,i, ,F,r,a,m,e, ,N,o,=,1,1,7
"[0.516, -0.624, 1.244, 0.175, 0.338, 0.445, 1.8, 0.395, 0.395, 0.0, 0.133, 0.0, 0.14, 0]"
m,e,i, ,F,r,a,m,e, ,N,o,=,1,1,8
"[0.42, -0.459, 1.248, 0.188, 0.391, 0.59, 1.8, 0.395, 0.0, 0.112, 0.133, -1.2, 0.201, -0.833]"
m,e,i, ,F,r,a,m,e, ,N,o,=,1,1,9
"[0.477, -0.44, 1.248, 0.202, 0.399, 0.615, 1.8, 0.491, 0.491, 0.451, 0.451, -1.2, 0.246, -0.833]"
m,e,i, ,F,r,a,m,e, ,N,o,=,1,2,0
"[0.522, -0.595, 1.248, 0.21, 0.402, 0.614, 1.8, 0.491, 0.0, 0.0, 0.451, 0.0, 0.247, 0]"
m,e,i, ,F,r,a,m,e, ,N,o,=,1,2,1
"[0.482, -0.509, 1.248, 0.215, 0.409, 0.608, 1.05, 0.491, 0.428, 0.0, 0.451, 0.0, 0.247, 0]"
m,e,i, ,F,r,a,m,e, ,N,o,=,1,2,2
"[0.548, -0.551, 1.248, 0.221, 0.408, 0.61, 1.05, 0.491, 0.0, 0.0, 0.451, 0.267, 0.246, 3.745]"
m,e,i, ,F,r,a,m,e, ,N,o,=,1,2,3
"[0.47, -0.342, 1.248, 0.224, 0.407, 0.618, 1.05, 0.491, 0.0, 0.0, 0.451, 0.267, 0.245, 3.745]"
m,e,i, ,F,r,a,m,e, ,N,o,=,1,2,4
"[0.564, -0.258, 1.248, 0.217, 0.399, 0.627, 1.05, 0.491, 0.0, 0.0, 0.451, 0.267, 0.243, 3.745]"
m,e,i, ,F,r,a,m,e, ,N,o,=,1,2,5
"[0.533, -0.204, 1.248, 0.21, 0.366, 0.64, 0.75, 0.491, 0.0, 0.0, 0.451, 0.267, 0.242, 3.745]"
m,e,i, ,F,r,a,m,e, ,N,o,=,1,2,6
"[0.723, 0.029, 1.248, 0.203, 0.326, 0.653, 0.75, 0.491, 0.0, 0.0, 0.451, 0.267, 0.241, 3.745]"
m,e,i, ,F,r,a,m,e, ,N,o,=,1,2,7
"[0.357, 0.355, 1.018, 0.191, 0.282, 0.68, 0.75, 0.491, 0.0, 0.0, 0.451, 0.267, 0.24, 3.745]"
m,e,i, ,F,r,a,m,e, ,N,o,=,1,2,8
"[0.518, -0.09, 0.979, 0.199, 0.279, 0.699, 0.6, 0.491, 0.0, 0.0, 0.451, 0.267, 0.239, 3.745]"
m,e,i, ,F,r,a,m,e, ,N,o,=,1,2,9
"[0.398, 0.003, 0.979, 0.191, 0.271, 0.716, 0.6, 0.428, 0.0, 0.0, 0.0, 0.267, 0.238, 3.745]"
m,e,i, ,F,r,a,m,e, ,N,o,=,1,3,0
"[0.349, -0.147, 0.979, 0.18, 0.275, 0.693, 0.6, 0.428, 0.0, 0.0, 0.0, 0.267, 0.237, 3.745]"
m,e,i, ,F,r,a,m,e, ,N,o,=,1,3,1
"[0.479, -0.089, 0.979, 0.177, 0.272, 0.634, 0.75, 0.0, 0.0, 0.0, 0.0, 0.267, 0.236, 3.745]"
m,e,i, ,F,r,a,m,e, ,N,o,=,1,3,2
"[0.443, 0.003, 0.979, 0.174, 0.27, 0.561, 1.95, 0.0, 0.0, 0.0, 0.0, 0.267, 0.235, 3.745]"
m,e,i, ,F,r,a,m,e, ,N,o,=,1,3,3
"[0.533, -0.099, 0.979, 0.157, 0.273, 0.349, 1.95, 0.0, 0.0, 0.0, 0.0, 0.267, 0.234, 3.745]"
m,e,i, ,F,r,a,m,e, ,N,o,=,1,3,4
"[0.342, 0.064, 0.979, 0.137, 0.264, 0.149, 5.25, 0.0, 0.0, 0.0, 0.0, 0.267, 0.233, 3.745]"
m,e,i, ,F,r,a,m,e, ,N,o,=,1,3,5
"[0.371, -0.258, 0.979, 0.117, 0.262, 0.027, 5.25, 0.0, 0.0, 0.433, 0.433, 0.267, 0.232, 3.745]"
m,e,i, ,F,r,a,m,e, ,N,o,=,1,3,6
"[0.288, -0.124, 0.979, 0.101, 0.252, 0.064, 5.25, 0.0, 0.0, 0.31, 0.433, 0.267, 0.231, 3.745]"
m,e,i, ,F,r,a,m,e, ,N,o,=,1,3,7
"[0.368, -0.345, 0.979, 0.102, 0.254, 0.13, 5.1, 0.0, 0.0, 0.0, 0.433, 0.267, 0.23, 3.745]"
m,e,i, ,F,r,a,m,e, ,N,o,=,1,3,8
"[0.287, -0.206, 0.979, 0.091, 0.253, 0.189, 2.1, 0.0, 0.0, 0.237, 0.433, 0.267, 0.229, 3.745]"
m,e,i, ,F,r,a,m,e, ,N,o,=,1,3,9
"[0.344, -0.545, 0.979, 0.096, 0.252, 0.214, 2.1, 0.0, 0.0, 0.0, 0.433, 0.267, 0.228, 3.745]"
m,e,i, ,F,r,a,m,e, ,N,o,=,1,4,0
"[0.549, -0.016, 0.979, 0.099, 0.249, 0.214, 2.1, 0.0, 0.0, 0.0, 0.433, 0.267, 0.228, 3.745]"
m,e,i, ,F,r,a,m,e, ,N,o,=,1,4,1
"[0.421, 0.039, 0.979, 0.101, 0.251, 0.197, 2.1, 0.0, 0.0, 0.359, 0.433, 0.267, 0.227, 3.745]"
m,e,i, ,F,r,a,m,e, ,N,o,=,1,4,2
"[0.617, 0.029, 0.979, 0.1, 0.244, 0.213, 2.1, 0.0, 0.0, 0.285, 0.433, 0.267, 0.226, 3.745]"
m,e,i, ,F,r,a,m,e, ,N,o,=,1,4,3
"[0.606, 0.335, 0.95, 0.104, 0.234, 0.243, 0.6, 0.0, 0.0, 0.352, 0.433, 0.267, 0.225, 3.745]"
m,e,i, ,F,r,a,m,e, ,N,o,=,1,4,4
"[0.774, 0.159, 0.95, 0.108, 0.248, 0.315, 0.6, 0.0, 0.0, 0.18, 0.433, 0.267, 0.224, 3.745]"
m,e,i, ,F,r,a,m,e, ,N,o,=,1,4,5
"[0.668, 0.414, 0.95, 0.124, 0.249, 0.43, 0.6, 0.0, 0.0, 0.171, 0.359, 0.267, 0.223, 3.745]"
m,e,i, ,F,r,a,m,e, ,N,o,=,1,4,6
"[0.803, 0.169, 0.9650000000000001, 0.129, 0.253, 0.497, 0.6, 0.0, 0.0, 0.12, 0.359, 0.267, 0.222, 3.745]"
m,e,i, ,F,r,a,m,e, ,N,o,=,1,4,7
"[0.803, 0.169, 0.9650000000000001, 0.129, 0.253, 0.497, 0.6, 0.0, 0.0, 0.12, 0.359, 0.267, 0.222, 3.745]"
m,e,i, ,F,r,a,m,e, ,N,o,=,1,4,8
"[0.856, 0.54, 0.9590000000000001, 0.156, 0.226, 0.602, 0.6, 0.689, 0.689, 0.0, 0.359, 0.6, 0.223, 1.667]"
m,e,i, ,F,r,a,m,e, ,N,o,=,1,4,9
"[0.856, 0.54, 0.9590000000000001, 0.156, 0.226, 0.602, 0.6, 0.689, 0.689, 0.0, 0.359, 0.6, 0.223, 1.667]"
m,e,i, ,F,r,a,m,e, ,N,o,=,1,5,0
"[0.849, 0.61, 1.085, 0.182, 0.26, 0.643, 0.6, 0.689, 0.447, 0.277, 0.359, 0.6, 0.224, 1.667]"
m,e,i, ,F,r,a,m,e, ,N,o,=,1,5,1
"[0.828, 0.703, 1.155, 0.193, 0.279, 0.653, 0.6, 0.689, 0.684, 0.285, 0.359, 0.6, 0.225, 1.667]"
m,e,i, ,F,r,a,m,e, ,N,o,=,1,5,2
"[0.868, 0.605, 1.248, 0.198, 0.306, 0.65, 0.6, 0.689, 0.0, 0.297, 0.359, 0.6, 0.226, 1.667]"
m,e,i, ,F,r,a,m,e, ,N,o,=,1,5,3
"[0.785, 0.399, 1.248, 0.203, 0.318, 0.677, 0.9, 0.689, 0.0, 0.292, 0.352, 0.267, 0.225, 3.745]"
m,e,i, ,F,r,a,m,e, ,N,o,=,1,5,4
"[0.687, 0.455, 1.248, 0.207, 0.321, 0.694, 3.9, 0.689, 0.465, 0.0, 0.352, 0.267, 0.225, 3.745]"
m,e,i, ,F,r,a,m,e, ,N,o,=,1,5,5
"[0.846, 0.088, 1.248, 0.205, 0.327, 0.716, 3.9, 0.689, 0.454, 0.0, 0.297, 0.267, 0.224, 3.745]"
m,e,i, ,F,r,a,m,e, ,N,o,=,1,5,6
"[0.943, 0.3, 1.248, 0.205, 0.322, 0.737, 3.9, 0.689, 0.539, 0.654, 0.654, 0.267, 0.223, 3.745]"
m,e,i, ,F,r,a,m,e, ,N,o,=,1,5,7
"[0.69, 0.211, 1.248, 0.213, 0.32, 0.752, 3.9, 0.689, 0.5, 0.23, 0.654, 0.267, 0.222, 3.745]"
m,e,i, ,F,r,a,m,e, ,N,o,=,1,5,8
"[0.824, 0.027, 1.248, 0.209, 0.318, 0.772, 3.9, 0.689, 0.0, 0.165, 0.654, 0.333, 0.222, 3.003]"
m,e,i, ,F,r,a,m,e, ,N,o,=,1,5,9
"[0.737, 0.026, 1.248, 0.211, 0.315, 0.79, 3.9, 0.684, 0.388, 0.105, 0.654, 0.333, 0.221, 3.003]"
m,e,i, ,F,r,a,m,e, ,N,o,=,1,6,0
"[0.67, -0.083, 1.248, 0.202, 0.315, 0.795, 3.9, 0.684, 0.368, 0.107, 0.654, 0.333, 0.22, 3.003]"
m,e,i, ,F,r,a,m,e, ,N,o,=,1,6,1
"[0.589, -0.232, 1.248, 0.193, 0.308, 0.798, 3.9, 0.539, 0.447, 0.055, 0.654, 0.333, 0.219, 3.003]"
m,e,i, ,F,r,a,m,e, ,N,o,=,1,6,2
"[0.49, -0.334, 1.248, 0.177, 0.313, 0.786, 3.9, 0.539, 0.0, 0.147, 0.654, 0.333, 0.219, 3.003]"
m,e,i, ,F,r,a,m,e, ,N,o,=,1,6,3
"[0.704, -0.449, 1.248, 0.17, 0.312, 0.778, 3.9, 0.539, 0.236, 0.126, 0.654, 0.333, 0.218, 3.003]"
m,e,i, ,F,r,a,m,e, ,N,o,=,1,6,4
"[0.707, -0.155, 1.248, 0.148, 0.327, 0.71, 4.65, 0.539, 0.235, 0.0, 0.654, 0.4, 0.218, 2.5]"
m,e,i, ,F,r,a,m,e, ,N,o,=,1,6,5
"[0.7, -0.201, 1.152, 0.127, 0.301, 0.611, 4.65, 0.539, 0.476, 0.469, 0.654, 0.4, 0.217, 2.5]"
m,e,i, ,F,r,a,m,e, ,N,o,=,1,6,6
"[0.603, -0.106, 1.152, 0.122, 0.308, 0.524, 4.65, 0.5, 0.063, 0.144, 0.469, 0.4, 0.217, 2.5]"
m,e,i, ,F,r,a,m,e, ,N,o,=,1,6,7
"[0.412, -0.105, 1.152, 0.108, 0.312, 0.423, 4.65, 0.476, 0.12, 0.129, 0.469, 0.4, 0.216, 2.5]"
m,e,i, ,F,r,a,m,e, ,N,o,=,1,6,8
"[0.727, -0.542, 1.152, 0.123, 0.315, 0.404, 4.65, 0.476, 0.264, 0.108, 0.469, 0.267, 0.215, 3.745]"
m,e,i, ,F,r,a,m,e, ,N,o,=,1,6,9
"[0.646, -0.27, 1.245, 0.121, 0.342, 0.34, 4.65, 0.476, 0.264, 0.116, 0.469, 0.267, 0.215, 3.745]"
m,e,i, ,F,r,a,m,e, ,N,o,=,1,7,0
"[0.435, -0.055, 1.245, 0.122, 0.351, 0.326, 4.05, 0.476, 0.19, 0.202, 0.469, 0.267, 0.214, 3.745]"
m,e,i, ,F,r,a,m,e, ,N,o,=,1,7,1
"[0.697, -0.486, 1.245, 0.135, 0.346, 0.32, 4.05, 0.476, 0.113, 0.133, 0.469, 0.267, 0.213, 3.745]"
m,e,i, ,F,r,a,m,e, ,N,o,=,1,7,2
"[0.659, -0.05, 1.245, 0.134, 0.364, 0.316, 4.05, 0.476, 0.113, 0.07, 0.469, 0.267, 0.213, 3.745]"
m,e,i, ,F,r,a,m,e, ,N,o,=,1,7,3
"[0.386, -0.014, 1.245, 0.133, 0.364, 0.317, 1.95, 0.476, 0.329, 0.334, 0.469, 0.267, 0.212, 3.745]"
m,e,i, ,F,r,a,m,e, ,N,o,=,1,7,4
"[0.324, -0.254, 1.245, 0.144, 0.351, 0.281, 1.95, 0.476, 0.312, 0.268, 0.469, 0.267, 0.211, 3.745]"
